{
  "accuracy": [
    0.7307692170143127,
    0.7692307829856873,
    0.7692307829856873,
    0.7692307829856873,
    0.7692307829856873,
    0.7692307829856873,
    0.7692307829856873,
    0.7692307829856873,
    0.7596153616905212,
    0.7692307829856873,
    0.7692307829856873,
    0.7692307829856873,
    0.7692307829856873,
    0.7692307829856873,
    0.7692307829856873,
    0.7692307829856873,
    0.7692307829856873,
    0.7692307829856873,
    0.7692307829856873,
    0.7692307829856873,
    0.7692307829856873,
    0.7692307829856873,
    0.7692307829856873,
    0.7692307829856873,
    0.7692307829856873,
    0.7692307829856873,
    0.807692289352417,
    0.8942307829856873,
    0.942307710647583,
    1.0,
    1.0,
    1.0,
    1.0,
    1.0,
    1.0,
    1.0,
    1.0,
    1.0,
    1.0,
    1.0,
    1.0,
    1.0,
    1.0,
    1.0,
    1.0,
    1.0,
    1.0,
    1.0,
    1.0,
    1.0
  ],
  "loss": [
    0.6520064473152161,
    0.5412806868553162,
    0.5541800260543823,
    0.53761225938797,
    0.5194573402404785,
    0.5388779044151306,
    0.511290431022644,
    0.5111971497535706,
    0.5087796449661255,
    0.5088843703269958,
    0.49825575947761536,
    0.480501651763916,
    0.513469934463501,
    0.49195513129234314,
    0.4859555959701538,
    0.49651971459388733,
    0.46669769287109375,
    0.43699708580970764,
    0.4633628726005554,
    0.41632816195487976,
    0.4058386981487274,
    0.37229225039482117,
    0.33924224972724915,
    0.31102606654167175,
    0.3028717339038849,
    0.2551988363265991,
    0.23014137148857117,
    0.20175553858280182,
    0.1730983853340149,
    0.11311741173267365,
    0.07102695107460022,
    0.06529473513364792,
    0.029482010751962662,
    0.03022881969809532,
    0.0237314123660326,
    0.010619182139635086,
    0.008399726822972298,
    0.010370601899921894,
    0.010373592376708984,
    0.005319249350577593,
    0.005804731510579586,
    0.010846986435353756,
    0.005457750987261534,
    0.004347183741629124,
    0.002768141683191061,
    0.003838176606222987,
    0.005902028642594814,
    0.0023166558239609003,
    0.001858206233009696,
    0.0039080348797142506
  ],
  "val_accuracy": [
    0.7692307829856873,
    0.7692307829856873,
    0.7692307829856873,
    0.7692307829856873,
    0.7692307829856873,
    0.7692307829856873,
    0.7692307829856873,
    0.7692307829856873,
    0.7692307829856873,
    0.7692307829856873,
    0.7692307829856873,
    0.7692307829856873,
    0.7692307829856873,
    0.7692307829856873,
    0.7692307829856873,
    0.7692307829856873,
    0.7692307829856873,
    0.7692307829856873,
    0.7692307829856873,
    0.7692307829856873,
    0.7692307829856873,
    0.7692307829856873,
    0.7692307829856873,
    0.7692307829856873,
    0.7692307829856873,
    0.7692307829856873,
    1.0,
    1.0,
    1.0,
    1.0,
    1.0,
    1.0,
    1.0,
    1.0,
    1.0,
    1.0,
    1.0,
    1.0,
    1.0,
    1.0,
    1.0,
    1.0,
    1.0,
    1.0,
    1.0,
    1.0,
    1.0,
    1.0,
    1.0,
    1.0
  ],
  "val_loss": [
    0.5791765451431274,
    0.5474404692649841,
    0.5144745111465454,
    0.5177792310714722,
    0.511962354183197,
    0.508677065372467,
    0.5051084756851196,
    0.5029319524765015,
    0.49796101450920105,
    0.4934428036212921,
    0.4951731264591217,
    0.4840639531612396,
    0.477688729763031,
    0.4716898798942566,
    0.45944565534591675,
    0.44975075125694275,
    0.4566659927368164,
    0.42898690700531006,
    0.40691837668418884,
    0.3870873749256134,
    0.3656902313232422,
    0.3390911817550659,
    0.31684720516204834,
    0.2871367633342743,
    0.2630612254142761,
    0.23544169962406158,
    0.19956782460212708,
    0.158070906996727,
    0.1104891374707222,
    0.06402400135993958,
    0.04203047975897789,
    0.02646293118596077,
    0.00955304317176342,
    0.012437230907380581,
    0.0042684441432356834,
    0.002880705753341317,
    0.002279712352901697,
    0.0012103189947083592,
    0.0008836225024424493,
    0.0005896496004424989,
    0.00037371504004113376,
    0.0005255741998553276,
    0.00037453180993907154,
    0.0003525993670336902,
    0.0004645386943593621,
    0.0004403218044899404,
    0.0002005121496040374,
    0.00016168781439773738,
    0.0001340775197604671,
    0.00011305928637739271
  ]
}